rank,submission,N,MAE,RMSE,CC,MAE_skill_vs_27d
1,baseline_public_mean,17280,77.82275701786588,108.84828721123107,,0.02533374892009932
2,baseline_27_day_persistence,17280,79.84554398148148,111.39106615009821,0.4268049017618312,0.0
3,baseline_public_median,17280,80.48431712962963,115.68942874615256,,-0.008000110166402008
4,baseline_4_day_persistence,17280,104.71984953703704,137.60316857658043,0.14643316205697235,-0.31153029104948704
